-- phpMyAdmin SQL Dump
-- version 5.1.3
-- https://www.phpmyadmin.net/
--
-- Хост: 127.0.0.1:3306
-- Время создания: Янв 10 2024 г., 20:56
-- Версия сервера: 5.6.51
-- Версия PHP: 7.4.29

SET SQL_MODE = "NO_AUTO_VALUE_ON_ZERO";
START TRANSACTION;
SET time_zone = "+00:00";


/*!40101 SET @OLD_CHARACTER_SET_CLIENT=@@CHARACTER_SET_CLIENT */;
/*!40101 SET @OLD_CHARACTER_SET_RESULTS=@@CHARACTER_SET_RESULTS */;
/*!40101 SET @OLD_COLLATION_CONNECTION=@@COLLATION_CONNECTION */;
/*!40101 SET NAMES utf8mb4 */;

--
-- База данных: `yii-test-project`
--

-- --------------------------------------------------------

--
-- Создаем таблицу categories, если она не существует
--

CREATE TABLE IF NOT EXISTS `categories` (
  `id` int(11) UNSIGNED NOT NULL AUTO_INCREMENT,
  `name` varchar(255) COLLATE utf8mb4_unicode_ci NOT NULL,
  PRIMARY KEY (`id`)
) ENGINE=InnoDB DEFAULT CHARSET=utf8mb4 COLLATE=utf8mb4_unicode_ci;


--
-- Создаем таблицу statuses, если она не существует
--

CREATE TABLE IF NOT EXISTS `statuses` (
  `id` int(11) UNSIGNED NOT NULL AUTO_INCREMENT,
  `name` varchar(255) COLLATE utf8mb4_unicode_ci NOT NULL,
  PRIMARY KEY (`id`)
) ENGINE=InnoDB DEFAULT CHARSET=utf8mb4 COLLATE=utf8mb4_unicode_ci;


--
-- Создаем таблицу users, если она не существует
--

CREATE TABLE IF NOT EXISTS `users` (
  `id` int(10) UNSIGNED NOT NULL AUTO_INCREMENT,
  `name` varchar(255) NOT NULL,
  `email` varchar(255) NOT NULL,
  `password` varchar(255) NOT NULL,
  `role` varchar(255) NOT NULL DEFAULT 'user',
  PRIMARY KEY (`id`),
  UNIQUE KEY `users_email_unique` (`email`)
) ENGINE=InnoDB DEFAULT CHARSET=utf8;


--
-- Создаем таблицу tasks, если она не существует
--

CREATE TABLE IF NOT EXISTS `tasks` (
  `id` int(10) UNSIGNED NOT NULL AUTO_INCREMENT,
  `client_name` varchar(255) COLLATE utf8mb4_unicode_ci NOT NULL,
  `title` varchar(255) COLLATE utf8mb4_unicode_ci NOT NULL,
  `description` text COLLATE utf8mb4_unicode_ci NOT NULL,
  `in_work_user_id` int(11) UNSIGNED NOT NULL,
  `category_id` int(11) UNSIGNED NOT NULL,
  `status_id` int(11) UNSIGNED NOT NULL,
  `created_at` timestamp NOT NULL,
  `completed_at` timestamp NOT NULL,
  PRIMARY KEY (`id`),
  KEY `in_work_user_id` (`in_work_user_id`),
  KEY `status_id` (`status_id`),
  KEY `category_id` (`category_id`),
  CONSTRAINT `tasks_ibfk_1` FOREIGN KEY (`in_work_user_id`) REFERENCES `users` (`id`) ON DELETE NO ACTION,
  CONSTRAINT `tasks_ibfk_2` FOREIGN KEY (`status_id`) REFERENCES `statuses` (`id`) ON DELETE NO ACTION,
  CONSTRAINT `tasks_ibfk_3` FOREIGN KEY (`category_id`) REFERENCES `categories` (`id`) ON DELETE NO ACTION
) ENGINE=InnoDB DEFAULT CHARSET=utf8mb4 COLLATE=utf8mb4_unicode_ci;


--
-- Дамп данных таблицы `categories`
--

INSERT INTO `categories` (`id`, `name`) VALUES
(1, 'Відключення'),
(2, 'Перевірка / здешевлення'),
(3, 'Технічне питання'),
(4, 'Інше');

--
-- Дамп данных таблицы `statuses`
--

INSERT INTO `statuses` (`id`, `name`) VALUES
(1, 'нова'),
(2, 'в роботі'),
(3, 'вирішена');

--
-- Дамп данных таблицы `users`
--

INSERT INTO `users` (`id`, `name`, `email`, `password`, `role`) VALUES
(1, 'Иван Иванов', 'ivan@example.com', 'password', 'user'),
(2, 'Мария Петрова', 'maria@example.com', 'password', 'user'),
(3, 'Алексей Смирнов', 'alex@example.com', 'password', 'user'),
(4, 'Екатерина Кузнецова', 'ekaterina@example.com', 'password', 'user'),
(5, 'Дмитрий Иванов', 'dmitry@example.com', 'password', 'user'),
(6, 'Анна Соколова', 'anna@example.com', 'password', 'user'),
(7, 'Сергей Попов', 'sergei@example.com', 'password', 'user'),
(8, 'Ольга Морозова', 'olga@example.com', 'password', 'user'),
(9, 'Павел Новиков', 'pavel@example.com', 'password', 'user'),
(10, 'Елена Федорова', 'elena@example.com', 'password', 'user');

--
-- Дамп данных таблицы `tasks`
--

INSERT INTO `tasks` (`id`, `client_name`, `title`, `description`, `in_work_user_id`, `category_id`, `status_id`, `created_at`, `completed_at`) VALUES
(1, 'Название_компании_1', 'тема заявки 7', 'какое-то_описание_1', 1, 2, 1, '2023-11-27 15:55:30', '2023-11-28 15:55:30'),
(2, 'Название_компании_2', 'тема заявки 2', 'какое-то_описание_2', 9, 3, 1, '2023-11-27 15:55:30', '2023-12-02 15:55:30'),
(3, 'Название_компании_3', 'тема заявки 6', 'какое-то_описание_3', 5, 4, 3, '2023-11-27 15:55:30', '2023-12-07 15:55:30'),
(4, 'Название_компании_8', 'тема заявки 457', 'какое-то_описание_1', 3, 2, 3, '2023-11-17 15:55:30', '2023-12-30 15:55:30'),
(5, 'Название_компании_7', 'тема заявки 254', 'какое-то_описание_2', 9, 3, 2, '2023-11-20 15:55:30', '2024-01-06 15:55:30'),
(6, 'Название_компании_6', 'тема заявки 3456', 'какое-то_описание_3', 2, 4, 3, '2023-11-07 15:55:30', '2023-12-28 15:55:30'),
(7, 'Название_компании_4', 'тема заявки 134', 'какое-то_описание_4', 7, 1, 2, '2023-11-02 15:55:30', '2023-12-28 15:55:30'),
(8, 'Название_компании_5', 'тема заявки 5234', 'какое-то_описание_5', 2, 3, 1, '2023-11-05 15:55:30', '2024-01-02 15:55:30'),
(9, 'Название_компании_50', 'тема заявки 8', 'какое-то_описание_50', 4, 4, 3, '2023-12-27 15:55:30', '2024-01-10 15:55:30'),
(10, 'Название_компании_34', 'тема заявки 7', 'какое-то_описание_1', 3, 2, 1, '2023-12-31 21:00:00', '2024-01-05 21:00:00'),
(11, 'Название_компании_4543', 'тема заявки 2', 'какое-то_описание_2', 8, 3, 2, '2023-12-31 21:00:00', '2024-01-07 21:00:00'),
(12, 'Название_компании_333', 'тема заявки 6', 'какое-то_описание_3', 9, 4, 3, '2024-01-02 21:00:00', '2024-01-09 21:00:00'),
(13, 'Название_компании_45344', 'тема заявки 1', 'какое-то_описание_4', 7, 1, 2, '2023-12-31 21:00:00', '2024-01-09 21:00:00'),
(14, 'Название_компании_56565', 'тема заявки 5', 'какое-то_описание_5', 2, 3, 1, '2024-01-01 21:00:00', '2024-01-08 21:00:00'),
(15, 'Название_компании_5330', 'тема заявки 8', 'какое-то_описание_50', 6, 4, 3, '2023-12-31 21:00:00', '2024-01-02 21:00:00'),
(16, 'Название_компании_ек1', 'тема заявки 7', 'какое-то_описание_1', 3, 2, 1, '2024-01-01 21:00:00', '2024-01-09 21:00:00'),
(17, 'Название_компании_2ап', 'тема заявки 2', 'какое-то_описание_2', 9, 3, 2, '2024-01-03 21:00:00', '2024-01-09 21:00:00'),
(18, 'Название_компании_3выв', 'тема заявки 6', 'какое-то_описание_3', 1, 4, 3, '2024-01-02 21:00:00', '2024-01-08 21:00:00'),
(19, 'Название_компании_4ен', 'тема заявки 1', 'какое-то_описание_4', 7, 1, 2, '2023-12-31 21:00:00', '2024-01-09 21:00:00'),
(20, 'Название_компании_5563', 'тема заявки 5', 'какое-то_описание_5', 2, 3, 1, '2024-01-01 21:00:00', '2024-01-02 21:00:00'),
(21, 'Название_компании_3233', 'тема заявки 6', 'какое-то_описание_3', 9, 4, 3, '2024-01-02 21:00:00', '2024-01-09 21:00:00'),
(22, 'Название_компании_433344', 'тема заявки 1', 'какое-то_описание_4', 7, 1, 2, '2023-12-31 21:00:00', '2024-01-09 21:00:00'),
(23, 'Название_компании_5652265', 'тема заявки 2345', 'какое-то_описание_5', 7, 3, 1, '2024-01-01 21:00:00', '2024-01-08 21:00:00'),
(24, 'Название_компании_531130', 'тема заявки 348', 'какое-то_описание_50', 6, 4, 3, '2023-12-31 21:00:00', '2024-01-02 21:00:00'),
(25, 'Название_компании_ек221', 'тема заявки 73', 'какое-то_описание_1', 3, 2, 1, '2024-01-01 21:00:00', '2024-01-09 21:00:00'),
(26, 'Название_компании_2312ап', 'тема заявки 42', 'какое-то_описание_2', 9, 3, 2, '2023-12-03 21:00:00', '2024-01-09 21:00:00'),
(27, 'Название_компании_3в13ыв', 'тема заявки 63', 'какое-то_описание_3', 1, 4, 3, '2024-01-02 21:00:00', '2024-01-08 21:00:00'),
(28, 'Название_компании_4е123н', 'тема заявки 122', 'какое-то_описание_4', 8, 1, 2, '2023-12-31 21:00:00', '2024-01-09 21:00:00'),
(29, 'Название_компании_5512363', 'тема заявки 12', 'какое-то_описание_5', 2, 3, 1, '2024-01-01 21:00:00', '2024-01-02 21:00:00'),
(30, 'Название_компании_па1230', 'тема заявки 123', 'какое-то_описание_50', 6, 4, 3, '2023-12-31 21:00:00', '2024-01-03 21:00:00');

